<?xml version="1.0" encoding="UTF-8"?>
<!DOCTYPE suite SYSTEM "http://testng.org/testng-1.0.dtd" >

<suite name="eco">		
	 <listeners>
        <listener class-name="utils.Listeners.TestListener"/>
        <listener class-name="utils.Listeners.AnnotationTransformer"/>
    </listeners>	
	
	<test name="Att eco Test">
		<parameter name="browser" value="chrome" />
		<parameter name="number-of-times" value="1"/>
			
		<classes>
			   	  <!-- <class name="com.eco.testCases.TC_LoginDDT_002" />  -->	
			   	  <!--<class name="com.eco.testCases.TC_SourceCode" />  -->	
			  	 <!-- <class name="com.eco.testCases.TC_CreatePipeline" />  -->	
		 	 	<!--   <class name="com.eco.testCases.TC_LoginDDT_002" /> -->
		 	 	  <class name="com.eco.testCases.TC_CreatePipeline" />	 	 		 	 	
			<!-- <class name="com.eco.testCases.test001" /> >-->
		</classes>

	</test>
</suite>
